{
  "schemaVersion": 1,
  "id": "reloadhotbar",
  "version": "${version}",

  "name": "ReloadHotbar",
  "description": "Automatically reloads the hotbar.nbt file when the creative menu tab is opened.",
  "authors": [
    "Penguin_Spy"
  ],
  "contact": {
    "homepage": "https://github.com/Penguin-Spy/HotbarStorage",
    "sources": "https://github.com/Penguin-Spy/HotbarStorage"
  },

  "license": "CC0-1.0",
  "icon": "assets/reloadhotbar/icon.png",

  "environment": "*",
  "entrypoints": {
    "main": [
      "ml.cheeseos.reloadhotbar.ReloadHotbar"
    ]
  },
  "mixins": [
    "reloadhotbar.mixins.json"
  ],

  "depends": {
    "fabricloader": ">=0.7.4",
    "minecraft": "1.16.x"
  },
  "suggests": {
    "flamingo": "*"
  }
}
